race,n,d,rate
American Indian or Alaska Native,10,465,0.021505376344086023
Asian,279,10885,0.02563160312356454
Black or African American,1558,52816,0.029498636776734324
Hispanic or Latino,553,21792,0.025376284875183553
Native Hawaiian or Pacific Islander,8,227,0.03524229074889868
Other,276,12451,0.022166894225363425
Unknown,6,1530,0.00392156862745098
White,2728,108412,0.025163266059107847
