category,count,rate
both_strict,133,0.0006376511424982501
ed_only_strict,5285,0.02533824276769362
admit_only,3512,0.016837825657547777
neither_strict,199648,0.9571862804322604
