category,count,rate
both,177,0.0008486034001668441
ed_only,5241,0.025127290510025026
admit_only,3512,0.016837825657547777
neither,199648,0.9571862804322604
