category,count,rate
both,177,0.0008476767908968133
ed_only,5241,0.025099853452486998
admit_only,3512,0.016819440054404566
neither,199876,0.9572330297022116
