race,n,d,rate
American Indian or Alaska Native,6,465,0.012903225806451613
Asian,117,10885,0.01074873679375287
Black or African American,966,52816,0.01828991214783399
Hispanic or Latino,330,21792,0.0151431718061674
Native Hawaiian or Pacific Islander,4,227,0.01762114537444934
Other,129,12451,0.010360613605332905
Unknown,13,1530,0.00849673202614379
White,2124,108412,0.01959192709294174
