icd_prefix,count,sum,bounce_rate
789,5797,357,0.06158357771260997
786,6595,356,0.053980288097043215
780,9892,485,0.04902951880307319
250,5904,288,0.04878048780487805
R07,4231,199,0.04703379815646419
401,8743,381,0.043577719318311794
R41,3391,143,0.04217045119433795
R10,5983,248,0.04145077720207254
E88,3787,139,0.03670451544758384
R06,4186,114,0.027233635929288104
